{"cameraMode":{"drawMode":2,"name":"Shaded Wireframe","section":"Shading Mode"},"sceneLighting":true,"audioPlay":false,"sceneViewState":{"m_AlwaysRefresh":true,"showFog":true,"showSkybox":false,"showFlares":true,"showImageEffects":true,"showParticleSystems":true,"showVisualEffectGraphs":true,"m_FxEnabled":true},"in2DMode":false,"pivot":{"x":29.081748962402345,"y":1.7611244916915894,"z":40.903053283691409},"rotation":{"x":-0.000334716634824872,"y":-0.999306321144104,"z":0.03749268501996994,"w":-0.008382289670407772},"size":1.4660253524780274,"orthographic":false}