{"cameraMode":{"drawMode":0,"name":"Shaded","section":"Shading Mode"},"sceneLighting":false,"audioPlay":false,"sceneViewState":{"m_AlwaysRefresh":false,"showFog":false,"showSkybox":true,"showFlares":false,"showImageEffects":false,"showParticleSystems":false,"showVisualEffectGraphs":true,"m_FxEnabled":true},"in2DMode":false,"pivot":{"x":25.696205139160158,"y":17.411861419677736,"z":-0.05907571315765381},"rotation":{"x":-0.4053027927875519,"y":0.003288267645984888,"z":-0.0014578871196135879,"w":-0.9141833186149597},"size":0.8660253882408142,"orthographic":false}