{"cameraMode":{"drawMode":2,"name":"Shaded Wireframe","section":"Shading Mode"},"sceneLighting":false,"audioPlay":false,"sceneViewState":{"m_AlwaysRefresh":true,"showFog":true,"showSkybox":false,"showFlares":true,"showImageEffects":true,"showParticleSystems":true,"showVisualEffectGraphs":true,"m_FxEnabled":true},"in2DMode":false,"pivot":{"x":-0.27224892377853396,"y":1.9689594507217408,"z":0.555132269859314},"rotation":{"x":0.0003819520934484899,"y":-0.9995390176773071,"z":0.028496162965893747,"w":0.014106336049735546},"size":3.6101083755493166,"orthographic":false}